id,username,password_hash,created_at
1,admin,$2b$12$eXy.5HdvWgejSHmhi7wi4eQTYfQxCX3a5SgC2ge4fV3mhWzPnDxUm,2026-04-12 14:38:20
2,jeremyjohnson217,$2b$12$JieqQSWwp6Qir4va2rUfyOKLgqwZkZcx6j8Wz/tSHq6h5yMTcQGCG,2026-04-12 14:38:20
3,ejohnson472,$2b$12$rppLpOtXR1QTEnfqftfWxuiCpueVrXTN28Hhq6jHW8msolHrF..Ii,2026-04-12 14:38:20
4,jennifer75768,$2b$12$zKTyoYEk2Sp9TdAl6ZyupuoAoiqjeBzL.zbhq6JwC48H.OsezbT2a,2026-04-12 14:38:20
5,crawfordandrew482,$2b$12$7m5/HZQlPO3svRM9NvYS/eWoQHjVtwATCvmk5MRzbphZQYWNU/9E.,2026-04-12 14:38:20
6,ryanstevenson963,$2b$12$f0CtgqQdILUcR1WdV2c/MeD5X1y/58g39tCb0bebyS3O88N2duhoC,2026-04-12 14:38:20
7,kyle4780,$2b$12$lCmG/tACxcRQBBRPGdkTuedKNsYg8VxiJlv5r4506Uw8x2/i/DvpO,2026-04-12 14:38:20
8,npatterson409,$2b$12$bOvy2HT5v55wsKj0mHoyyeLyRk149LtscMdD31UaLBrHHR.FM9Dm2,2026-04-12 14:38:20
9,fcook43,$2b$12$8SLumciXS7UDkApWSC0BOefVDr8NjG6ozlDRaiFTHGvtS4bmxIhNq,2026-04-12 14:38:20
10,agray716,$2b$12$rRrhmm6EKQWts6O7G8KdBuq73WmsHFZs5uCShs/7KeBhRWx6PoYWK,2026-04-12 14:38:20
11,liadam658,$2b$12$vZyK8hN6BnR30zpmhl4bEeMtC93IvCUJ3U3GBe7UbJycieYbKfWuC,2026-04-12 14:38:20
12,boyerjessica753,$2b$12$cop.Hpud33M2.m14hu3mW.vJEGkfr1JnKU.CxqFo4rZUO.8P7px3q,2026-04-12 14:38:20
13,sandersheather184,$2b$12$/pjTVUGKx/QRdZTydlJ0GOSvHzPZuxzxVeps2C1vUOZwCCGsL59aa,2026-04-12 14:38:20
14,monicaking678,$2b$12$laobQmX0UYf.abD6.WY6COWo6CVIBn1M7l5fESzNXgyua3S24F3WS,2026-04-12 14:38:20
15,michelle08939,$2b$12$bpWy8UQWQPNrh71k/F74nOmt32pDq0dKhl/KdAnTB2ORmo17DsE/m,2026-04-12 14:38:20
16,ryancook723,$2b$12$Ej5.mUNT7nI0KDjGN56CNODf/Sf8fJr88hr4FAQPvtX3G.lPx1DrO,2026-04-12 14:38:20
17,nelsonkatie102,$2b$12$5WBxuPgXBbkOydNqU7pWFugF.dWaJFD9V6Twgp/71/Y8UmS9uJpqi,2026-04-12 14:38:20
18,mark59549,$2b$12$sulsehuTSDulACf/xUeMI.tovq.MIm/SXXAR0lCoJG603eugjZcBG,2026-04-12 14:38:20
19,kskinner176,$2b$12$ei.9QGD4JthHuxibpxbcdOh5kmwU7iSBZtZ5imaKx37FG1bb6xjw2,2026-04-12 14:38:20
20,williamcarey804,$2b$12$7lnwrA2z3TsJfnJvmS26le7thpzFmBYEBjgeM8MMO.e8391Mr0gSS,2026-04-12 14:38:20
21,smitheric704,$2b$12$Nwfs/wTvi/g8fX6W2uwsVuu/8FkOB03MCkKtHueaKb/1P4S9a37rS,2026-04-12 14:38:20
22,rodriguezjeff128,$2b$12$m10yWO38ndC/f.J7A5LP5uD67emMl.8x1bN/C1GUmjgzDrp0e9WDe,2026-04-12 14:38:20
23,jasonmccoy151,$2b$12$mUPORlm.DWmhr7EB2hovZOyO8pv0txb4FXkPIGBxe8OYyPziWoJXG,2026-04-12 14:38:20
24,hcantrell711,$2b$12$YrYqBqLcBA8Q07.qFVpr/ey7/RhF4OpbJ.2osdo7wgJg3/xLldqi2,2026-04-12 14:38:20
25,ericlewis381,$2b$12$yAJ6x94df9Dp5vvlo3GLU.H88igzwIZCdl9.Dft.eAg.BljN2qbte,2026-04-12 14:38:20
26,patriciarobinson324,$2b$12$Sv9Gc1j9NE.uzIdIjyaXqerHqtdJ0HVkeE5.bMU4ruCA.QUdwqwxC,2026-04-12 14:38:20
27,rhondarodriguez526,$2b$12$LizX9KZvZCW/gYcSMdv38u4gd2Du2fiBe9lspA4yZrLVlafYTekUK,2026-04-12 14:38:20
28,parkeralicia908,$2b$12$VoT0g9KTaIvaGP6cvIO7g.wHurKMrDxh1Ehe5K4Z.xwScfi8eF882,2026-04-12 14:38:20
29,susan07166,$2b$12$04kiVAF4zSDVr1OMZcQhxO1/XrRF0aGnwp1DzPYU7EKq0gqry3LJG,2026-04-12 14:38:20
30,rebecca20387,$2b$12$VA3aTtcv7ioFjO6U4PnnseF08JWbMJ27cwP4FdB/hWSuc/TrPUOAm,2026-04-12 14:38:20
31,monica8613,$2b$12$8CUJjEkinE0rhDOAZqgoOe8FtZLbi5AKfqt9GGiOlUrPyUDa7y/52,2026-04-12 14:38:20
32,tabithabarber262,$2b$12$glAqSVUT3EYnVBGZJE3OWeFHORXHuRqffdHa4.hMagHOcVq.xuayy,2026-04-12 14:38:20
33,esmith67,$2b$12$eH474qNT9cn6uJVr2SZGJ.Dz/ZS6Qj/LC5r/dwAepahRrVZZNBhwm,2026-04-12 14:38:20
34,amberware47,$2b$12$hYPFG7XOqV1qT2P6eE8drOrTsLVMPmr5u.eosN6kQjDDe6RHLuqMG,2026-04-12 14:38:20
35,david44312,$2b$12$S/Ca01prE.a7UuBi7tCsOuwAx36hwt1RrjRrDriUFU1wUvQerC7Oa,2026-04-12 14:38:20
36,andres60983,$2b$12$ErcwNxIl60/zcgIpFriJQ.DI7LV9L8BXtXxB0bW8/l6MpZOc2Unqq,2026-04-12 14:38:20
37,mccoyjanet902,$2b$12$PI/nYw.rbZR4lKcjrvdDu.KBsUYjEOgbYQiZhAtiC3I7zpV/dnS8G,2026-04-12 14:38:20
38,fishermelanie303,$2b$12$ZBnAyfhVmFhiNRwuU.U1pesFgzyD5lxRrmljhTLQmSJtqQHi58SLe,2026-04-12 14:38:20
39,alexis55518,$2b$12$b5M3K2tcST0p13OFAf/SIe.JuzZCZEAQrrfUN8mdNI5V7m9e.BZ1O,2026-04-12 14:38:20
40,davidgonzalez881,$2b$12$7pouUii.4d6KVGGe.GLY.eACOr/ctzfwZURcuQyKfIbeAcvLcx15e,2026-04-12 14:38:20
41,avilaashley717,$2b$12$jkz343p.udz9TEZq2XaF..JXNant9iyOOyEXUYIhFJLaxg8z4hXsG,2026-04-12 14:38:20
42,jeremiahferguson84,$2b$12$0OE996MdR/uouDEq7E7ni.z4d3sz6d.S37tArYHaUrypYAmX4UNnu,2026-04-12 14:38:20
43,michaelwarren913,$2b$12$k1kSl5id.50jOOOMJOF3iu2ETAVT/X9JofjnAFHOG2oehsrz/pMta,2026-04-12 14:38:20
44,kim52514,$2b$12$H7J9kfvdMGwC6UjfbQQLA..Giwd5NTma57UNeE.nUHTOp.vU/3w9e,2026-04-12 14:38:20
45,xhill430,$2b$12$XEqDadEs/P8XdyySSwA6ieRTAP1yTMRgDLWot/HvQxzv400LYD2MC,2026-04-12 14:38:20
46,zcooper201,$2b$12$04whUy0ZLMZy0SWyhcTnG.KO6YGmAq7rMP1LO5PTEYWUUbO5Cw3aG,2026-04-12 14:38:20
47,usmith427,$2b$12$4jWClcgmOS3Rfpg2QzcHheXVZGvG6RZ1niwkp1MIcEu0o8.aAWm2m,2026-04-12 14:38:20
48,lauren04431,$2b$12$1/xMCrOix9vC6ZKP89pj/e4LOtKJgmLlYC49Xa88TZf/EoD7ZQTjG,2026-04-12 14:38:20
49,christopher07774,$2b$12$g19KXb7cj9lTnAZkqpGKlugoTtuQdjre7Fi8aMDVgBeqZ/3i2mzcW,2026-04-12 14:38:20
50,hoovershawn394,$2b$12$6xofj9RkWv2b/bN7isX8SOYBM3HK4Q7C76mY58D0LrzqyXhB.oNy6,2026-04-12 14:38:20
51,tiffany19282,$2b$12$5OuVeqN/fvd6U61F2MBtwORySeQ/8okpjlmtYMNxaereWPpLRwYP.,2026-04-12 14:38:20
52,melaniepatel729,$2b$12$8NM337SBWabHB26xFdyX0.hrjYejF3FL3rxwrkiXnkgVs1GNuGHhe,2026-04-12 14:38:20
53,alexander5256,$2b$12$Jo7c/tQ8OQddFZTPFKVizOk7fbfcDX/8NyySQVD6Hry9LHnfVEwru,2026-04-12 14:38:20
54,catherine55339,$2b$12$e/rAVBqKrJe9Io/Xeft.XeWjxayI9NReKrzvoo9rWe4f2UeBXtYI.,2026-04-12 14:38:20
55,kyle00225,$2b$12$uw3OWAbVn1CFFtlNoxHHquKloqkUs/EZh4F7RcRynKaIGHtL73rR6,2026-04-12 14:38:20
56,hnguyen932,$2b$12$kKfBa8TG2eTUAOOyBHfjrOnkrbDrz8Xd/SSQPgt95wzFPSMfeoGdK,2026-04-12 14:38:20
57,christopher26570,$2b$12$BsFb2dqX9I5LQogBeAN1q.VsyBG6ZoBX/xAVrcQwx4GvPvBIyJoK2,2026-04-12 14:38:20
58,james5393,$2b$12$b17oj1fwNaPUK.yf/8.Cp.eGxLOtwAsisJ/LMZXdkvDzVMNpBxY7u,2026-04-12 14:38:20
59,cfernandez306,$2b$12$VyNU81osErG234oZmVz0/O.MCZaiECS/6ljaVQ6Z.ryIuvuTLReDa,2026-04-12 14:38:20
60,amandabowers326,$2b$12$7pGZ.AEEL1iE4hoE215ruehczLxFTAWseG9ltLUCkURTzofGICcOS,2026-04-12 14:38:20
61,dbird431,$2b$12$hUu.dbwbgz7CdDCg85jRt.MkQFqoQ1m1DhTv92FvJKSJCSCHaMkAq,2026-04-12 14:38:20
62,kellyserrano900,$2b$12$2933TMvc6SULp7N1cFcGken.spMFNsgRQJMs4vvAjuP8GmVqAelrq,2026-04-12 14:38:20
63,jacobsmolly939,$2b$12$k7UraqzUzR0FD1yXmjSHveFPkggUKE5dVdPo36fB1UMu9cIuayJuO,2026-04-12 14:38:20
64,branchjennifer806,$2b$12$..608Ty7KvOojRiRfp.enu8qKjVRzv1LygHQE/rB5B/EMcPsiNLra,2026-04-12 14:38:20
65,melissaleblanc378,$2b$12$EtvYQeT7lRIGuz0SzIvane02kC3J9jHeyjjv4jaNyFeDYwv2Efd5q,2026-04-12 14:38:20
66,stephen76870,$2b$12$fRRegVDE/6TMaTEOZUgRguJ9aJyxKqEuYvPzESbRUuZkPEdNkis8G,2026-04-12 14:38:20
67,eclements264,$2b$12$ENR2dNP7V4pulBeGcj7Qr.IT8UOjTfPRpHzbWLa0KGETYC112xdF.,2026-04-12 14:38:21
68,lperez669,$2b$12$.yh55vluh.xwR4mC5smJXecpRwxze5gk2.p2U8q5siOt/.oNbLxC.,2026-04-12 14:38:21
69,danielle305,$2b$12$csQm022KGNX4L3Kd6cfjQuBUfjgVmije/E0TIo3Wgo6lZdOIak33S,2026-04-12 14:38:21
70,mcdanielashley794,$2b$12$Z6o3Eoeaq0C3OXIq.iDJuu/GAqMAeGCH8iyqr3L2B/1jIU0ubmaFm,2026-04-12 14:38:21
71,christophermorgan839,$2b$12$IMGfOwFBhLKFd73dvr08uOkUIpT8PZ5ccBZPr8c1Mw4lvh1W88KoK,2026-04-12 14:38:21
72,ebell856,$2b$12$qI/b2pjHjMtCcsEa4iC8N.sHPx9zVScKQti5mAfonrEdsd9cynA8S,2026-04-12 14:38:21
73,hollowaypatricia819,$2b$12$O6NaV7Llh/6.2LbYirB/XOQes7IXriJqRx8O6/5F8XwU18/JpyRMy,2026-04-12 14:38:21
74,jodymay916,$2b$12$7mBWRkqoLjN./YBzeBWit.tOVd5kbEaDONlS41xY6XJ7KeRNPHiH2,2026-04-12 14:38:21
75,browningjames548,$2b$12$exaBM8YXMXi7xsY8/Zp/ZOqYJkLaE2j3lewnG0wluB//3Ku36taQa,2026-04-12 14:38:21
76,jennifercrawford777,$2b$12$2zs9iWm7b2wR7UYhGXd1/ecSy1WxhycMUbz/bqa6xJUwYhGNsk9fy,2026-04-12 14:38:21
77,michellelyons799,$2b$12$YaHQXvakIWnnewydc.Ap2OUSoWTSL.UBQkf86Dvc3CyWigL98.A7C,2026-04-12 14:38:21
78,madisonellis182,$2b$12$39Q2zdGKBoSa.CFBuJpmS.oDSUGdP3SNjjwPflEY2DY83auWVEsRm,2026-04-12 14:38:21
79,gbrewer290,$2b$12$OMceXKXkXh5Xz50QwFTCNO7LUcTgFO.7LsCWGN9Vmmjx7EnSU50EK,2026-04-12 14:38:21
80,yvonne77540,$2b$12$jqroAtm0MsquBni/C3EFHuAstpmEe6LqlMw3.zThuqw4IAZPSHWfy,2026-04-12 14:38:21
81,tarawilson213,$2b$12$4WGn1vFAMRxTk9O/eUffrOAel0Ogq3ZDrSxp9RhkyMsoYL9xBEZcS,2026-04-12 14:38:21
82,test1,$2b$12$FVPqohiWqMZmHmCioz.lluN03EHrstDvt8ktzndFWMu8ACb0939Ju,2026-04-21 11:47:33
83,test2,$2b$12$oWrS5IV5R5dY8fYbYpnDaenjE7.TdDGExE1z5RIZnA93OSmfmeXrO,2026-04-21 11:47:45
84,test3,$2b$12$UZk62GHmXnck7huEgYtYVePV10zhysADXximWQQVq15eudoWOCt5W,2026-04-21 11:47:59
85,test4,$2b$12$b2MNT225.n7UquzrTt.wcO3z0wPsAGdFKU0sdP8elg09sAdyoueO2,2026-04-21 11:48:11
